{"ClientID": 15142007, "Nom": "test", "Prenom": "test", "Adresse": "test", "Courriel": "test", "Mot_de_passe": "test", "CommandeID": 97297049, "Prix": "300", "Statut": "En livraison", "DateCommandeCreation": "2023-01-16 00:00:00", "DateCommandeModification": "", "DateCommandeLivraison": "2023-05-16 12:00:00", "Items": "{2:2; 4:1; 5:2}", "model_params": {"top_floor_panel": {}, "bottom_floor_panel": {}, "left_inside_panel": {}, "left_outside_panel": {}, "right_outside_panel": {}, "right_inside_panel": {}, "front_straight_panel": {}, "front_ellipse_panel": {}, "top_panel": {}, "back_ellipse_panel": {}, "back_straight_panel": {}, "fixed_trusses": [], "center_back_wall_trusses": [], "center_front_wall_trusses": [], "center_back_ellipse_trusses": [], "center_front_ellipse_trusses": [], "left_base_board_truss": {}, "right_base_board_truss": {}}, "FichiersFabrication": {"bottom_floor_panel": ["97297049_bottom_floor_panel.2d.scad", "97297049_bottom_floor_panel.3d.scad"], "top_floor_panel": ["97297049_top_floor_panel.2d.scad", "97297049_top_floor_panel.3d.scad"], "left_inside_panel": ["97297049_left_inside_panel.2d.scad", "97297049_left_inside_panel.3d.scad"], "left_outside_panel": ["97297049_left_outside_panel.2d.scad", "97297049_left_outside_panel.3d.scad"], "right_inside_panel": ["97297049_right_inside_panel.2d.scad", "97297049_right_inside_panel.3d.scad"], "right_outside_panel": ["97297049_right_outside_panel.2d.scad", "97297049_right_outside_panel.3d.scad"], "fixed_trusses_0": ["97297049_fixed_trusses_0.2d.scad", "97297049_fixed_trusses_0.3d.scad"], "fixed_trusses_1": ["97297049_fixed_trusses_1.2d.scad", "97297049_fixed_trusses_1.3d.scad"], "fixed_trusses_2": ["97297049_fixed_trusses_2.2d.scad", "97297049_fixed_trusses_2.3d.scad"], "fixed_trusses_3": ["97297049_fixed_trusses_3.2d.scad", "97297049_fixed_trusses_3.3d.scad"], "fixed_trusses_4": ["97297049_fixed_trusses_4.2d.scad", "97297049_fixed_trusses_4.3d.scad"], "fixed_trusses_5": ["97297049_fixed_trusses_5.2d.scad", "97297049_fixed_trusses_5.3d.scad"], "fixed_trusses_6": ["97297049_fixed_trusses_6.2d.scad", "97297049_fixed_trusses_6.3d.scad"], "fixed_trusses_7": ["97297049_fixed_trusses_7.2d.scad", "97297049_fixed_trusses_7.3d.scad"], "center_back_wall_trusses_0": ["97297049_center_back_wall_trusses_0.2d.scad", "97297049_center_back_wall_trusses_0.3d.scad"], "center_back_wall_trusses_1": ["97297049_center_back_wall_trusses_1.2d.scad", "97297049_center_back_wall_trusses_1.3d.scad"], "center_front_wall_trusses_0": ["97297049_center_front_wall_trusses_0.2d.scad", "97297049_center_front_wall_trusses_0.3d.scad"], "center_front_wall_trusses_1": ["97297049_center_front_wall_trusses_1.2d.scad", "97297049_center_front_wall_trusses_1.3d.scad"], "center_back_ellipse_trusses_0": ["97297049_center_back_ellipse_trusses_0.2d.scad", "97297049_center_back_ellipse_trusses_0.3d.scad"], "center_back_ellipse_trusses_1": ["97297049_center_back_ellipse_trusses_1.2d.scad", "97297049_center_back_ellipse_trusses_1.3d.scad"], "center_front_ellipse_trusses_0": ["97297049_center_front_ellipse_trusses_0.2d.scad", "97297049_center_front_ellipse_trusses_0.3d.scad"], "center_front_ellipse_trusses_1": ["97297049_center_front_ellipse_trusses_1.2d.scad", "97297049_center_front_ellipse_trusses_1.3d.scad"], "top_trusses_0": ["97297049_top_trusses_0.2d.scad", "97297049_top_trusses_0.3d.scad"], "top_trusses_1": ["97297049_top_trusses_1.2d.scad", "97297049_top_trusses_1.3d.scad"], "front_straight_panel": ["97297049_front_straight_panel.2d.scad", "97297049_front_straight_panel.3d.scad"], "front_ellipse_panel": ["97297049_front_ellipse_panel.2d.scad", "97297049_front_ellipse_panel.3d.scad"], "top_panel": ["97297049_top_panel.2d.scad", "97297049_top_panel.3d.scad"], "back_ellipse_panel": ["97297049_back_ellipse_panel.2d.scad", "97297049_back_ellipse_panel.3d.scad"], "back_straight_panel": ["97297049_back_straight_panel.2d.scad", "97297049_back_straight_panel.3d.scad"], "left_base_board_truss": ["97297049_left_base_board_truss.2d.scad", "97297049_left_base_board_truss.3d.scad"], "right_base_board_truss": ["97297049_right_base_board_truss.2d.scad", "97297049_right_base_board_truss.3d.scad"]}, "overallDims": {"lenght": {"value": 150, "name": "Lenght", "units": "cm"}, "width": {"value": 80, "name": "Width", "units": "cm"}, "height": {"value": 100, "name": "Height", "units": "cm"}, "radFront": {"value": 30, "name": "Radius Front", "units": "cm"}, "radBack": {"value": 40, "name": "Radius Back", "units": "cm"}}, "leftSideOptions": {"doorLenght": {"value": 60, "name": "Door Length", "units": "cm"}, "doorWidth": {"value": 20, "name": "Door Width", "units": "cm"}, "doorPosX": {"value": 50, "name": "Door X Offset", "units": "cm"}, "doorPosY": {"value": 3, "name": "Door Y Offset", "units": "cm"}, "doorRadius": {"value": 2, "name": "Door Front", "units": "cm"}, "windowLenght": {"value": 20, "name": "Window Length", "units": "cm"}, "windowWidth": {"value": 20, "name": "Window Width", "units": "cm"}, "windowPosX": {"value": 80, "name": "Window X Offset", "units": "cm"}, "windowPosY": {"value": 20, "name": "Window Y Offset", "units": "cm"}, "windowRadius": {"value": 2, "name": "Window Radius", "units": "cm"}}, "rightSideOptions": {"doorLenght": {"value": 0, "name": "Door Length", "units": "cm"}, "doorWidth": {"value": 0, "name": "Door Width", "units": "cm"}, "doorPosX": {"value": 0, "name": "Door X Offset", "units": "cm"}, "doorPosY": {"value": 0, "name": "Door Y Offset", "units": "cm"}, "doorRadius": {"value": 0, "name": "Door Front", "units": "cm"}, "windowLenght": {"value": 0, "name": "Window Length", "units": "cm"}, "windowWidth": {"value": 0, "name": "Window Width", "units": "cm"}, "windowPosX": {"value": 0, "name": "Window X Offset", "units": "cm"}, "windowPosY": {"value": 0, "name": "Window Y Offset", "units": "cm"}, "windowRadius": {"value": 0, "name": "Window Radius", "units": "cm"}}, "backwallOptions": {"num_trusses": 1}, "frontwallOptions": {"num_trusses": 1}, "frontCurveOptions": {"num_trusses": 1}, "backCurveOptions": {"num_trusses": 1}, "topwallOptions": {"trusses_spacing": {"value": 60, "name": "Trusses Spacing", "units": "cm"}, "num_trusses": {"value": 2, "name": "Number of Trusses", "units": ""}}, "roofOptions": {"trusses_spacing": {"value": 60, "name": "Trusses Spacing", "units": "cm"}, "num_trusses": {"value": 2, "name": "Number of Trusses", "units": ""}}, "trussOptions": {"height": {"value": 40, "name": "Truss Height", "units": "cm"}, "width": {"value": 2, "name": "Truss Width", "units": "cm"}}, "cornerSupports": {"addFrontSupports": {"value": 0, "name": "Front Wall Supports", "units": "support"}, "addBackSupports": {"value": 0, "name": "Back Wall Supports", "units": "support"}}, "roofSupports": {"frontRoofSupp": {"value": 0, "name": "Front Support Offset", "units": "cm"}, "backRoofSupp": {"value": 0, "name": "Roof Top Length", "units": "cm"}}, "baseBoardOptions": {"height": {"value": 5, "name": "Base Board Height", "units": "cm"}, "width": {"value": 10, "name": "Base Board Width", "units": "cm"}}}